commissioning_date,device_id,success,commissioning_time_hours,connectivity_type
2025-04-13 22:42:45.888786,new_device_0057,True,3.22,Local
2025-04-04 22:42:45.888786,new_device_0173,True,7.44,Celular
2025-07-31 22:42:45.888786,new_device_0168,True,1.56,Celular
2025-07-13 22:42:45.888786,new_device_0017,False,,Celular
2025-06-15 22:42:45.888786,new_device_0091,False,,Local
2025-04-03 22:42:45.888786,new_device_0087,True,2.32,Celular
2025-05-07 22:42:45.888786,new_device_0160,True,2.46,Satélite
2025-06-14 22:42:45.888786,new_device_0013,False,,Local
2025-05-29 22:42:45.888786,new_device_0164,False,,Local
2025-07-23 22:42:45.888786,new_device_0013,True,5.37,Satélite
2025-08-29 22:42:45.888786,new_device_0119,True,1.93,Satélite
2025-04-15 22:42:45.888786,new_device_0187,False,,Celular
2025-08-09 22:42:45.888786,new_device_0193,True,6.58,Local
2025-07-10 22:42:45.888786,new_device_0153,False,,Celular
2025-06-05 22:42:45.888786,new_device_0091,True,1.46,Celular
2025-06-09 22:42:45.888786,new_device_0096,False,,Local
2025-06-14 22:42:45.888786,new_device_0185,False,,Local
2025-06-30 22:42:45.888786,new_device_0180,True,6.06,Celular
2025-07-22 22:42:45.888786,new_device_0046,False,,Celular
2025-08-20 22:42:45.888786,new_device_0126,True,7.73,Local
2025-08-12 22:42:45.888786,new_device_0119,False,,Local
2025-07-02 22:42:45.888786,new_device_0200,True,1.86,Celular
2025-04-06 22:42:45.888786,new_device_0029,True,5.09,Satélite
2025-04-28 22:42:45.888786,new_device_0142,False,,Celular
2025-06-09 22:42:45.888786,new_device_0181,True,5.19,Satélite
2025-07-15 22:42:45.888786,new_device_0034,True,7.52,Celular
2025-05-30 22:42:45.888786,new_device_0098,False,,Local
2025-04-08 22:42:45.888786,new_device_0032,True,2.76,Local
2025-08-24 22:42:45.888786,new_device_0044,True,4.63,Celular
2025-06-21 22:42:45.888786,new_device_0071,False,,Celular
2025-06-25 22:42:45.888786,new_device_0022,False,,Celular
2025-07-10 22:42:45.888786,new_device_0192,False,,Local
2025-09-04 22:42:45.888786,new_device_0055,True,3.98,Satélite
2025-05-13 22:42:45.888786,new_device_0164,True,2.45,Celular
2025-05-29 22:42:45.888786,new_device_0146,False,,Celular
2025-03-22 22:42:45.888786,new_device_0126,True,1.16,Satélite
2025-05-16 22:42:45.888786,new_device_0060,True,0.79,Local
2025-05-15 22:42:45.888786,new_device_0006,False,,Satélite
2025-06-27 22:42:45.888786,new_device_0038,True,2.31,Celular
2025-04-10 22:42:45.888786,new_device_0106,True,3.4,Celular
2025-07-14 22:42:45.888786,new_device_0136,True,2.92,Celular
2025-05-22 22:42:45.888786,new_device_0106,False,,Satélite
2025-03-17 22:42:45.888786,new_device_0015,True,4.84,Celular
2025-06-01 22:42:45.888786,new_device_0187,True,5.67,Celular
2025-08-18 22:42:45.888786,new_device_0022,True,7.27,Local
2025-08-03 22:42:45.888786,new_device_0118,True,6.72,Satélite
2025-08-14 22:42:45.888786,new_device_0014,False,,Satélite
2025-04-24 22:42:45.888786,new_device_0115,False,,Local
2025-04-01 22:42:45.888786,new_device_0153,True,3.31,Satélite
2025-06-15 22:42:45.888786,new_device_0149,True,4.93,Satélite
2025-08-17 22:42:45.888786,new_device_0037,False,,Satélite
2025-05-29 22:42:45.888786,new_device_0081,False,,Satélite
2025-05-31 22:42:45.888786,new_device_0135,True,2.75,Local
2025-03-26 22:42:45.888786,new_device_0162,True,4.57,Local
2025-03-17 22:42:45.888786,new_device_0136,True,1.52,Satélite
2025-07-28 22:42:45.888786,new_device_0153,False,,Satélite
2025-06-13 22:42:45.888786,new_device_0108,False,,Satélite
2025-08-16 22:42:45.888786,new_device_0004,True,3.12,Celular
2025-07-03 22:42:45.888786,new_device_0139,True,1.34,Local
2025-07-27 22:42:45.888786,new_device_0068,True,3.28,Satélite
2025-06-03 22:42:45.888786,new_device_0090,False,,Celular
2025-08-17 22:42:45.888786,new_device_0001,False,,Satélite
2025-07-18 22:42:45.888786,new_device_0059,True,5.06,Celular
2025-08-09 22:42:45.888786,new_device_0024,False,,Satélite
2025-03-28 22:42:45.888786,new_device_0093,False,,Celular
2025-06-13 22:42:45.888786,new_device_0017,False,,Local
2025-07-11 22:42:45.888786,new_device_0042,True,1.28,Local
2025-04-23 22:42:45.888786,new_device_0114,True,6.11,Celular
2025-06-25 22:42:45.888786,new_device_0150,False,,Satélite
2025-03-16 22:42:45.888786,new_device_0200,False,,Local
2025-08-12 22:42:45.888786,new_device_0131,False,,Celular
2025-04-13 22:42:45.888786,new_device_0082,True,3.54,Satélite
2025-03-28 22:42:45.888786,new_device_0079,False,,Celular
2025-08-19 22:42:45.888786,new_device_0037,True,6.88,Local
2025-08-18 22:42:45.888786,new_device_0018,False,,Satélite
2025-04-28 22:42:45.888786,new_device_0027,True,0.77,Celular
2025-05-19 22:42:45.888786,new_device_0123,False,,Local
2025-03-17 22:42:45.888786,new_device_0157,False,,Local
2025-08-24 22:42:45.888786,new_device_0088,True,3.44,Local
2025-05-06 22:42:45.888786,new_device_0075,True,5.93,Local
2025-08-15 22:42:45.888786,new_device_0162,True,6.51,Celular
2025-05-17 22:42:45.888786,new_device_0126,True,4.8,Local
2025-04-18 22:42:45.888786,new_device_0037,True,3.97,Local
2025-08-04 22:42:45.888786,new_device_0078,False,,Celular
2025-04-27 22:42:45.888786,new_device_0049,True,7.23,Local
2025-07-24 22:42:45.888786,new_device_0110,True,4.06,Celular
2025-07-30 22:42:45.888786,new_device_0199,False,,Local
2025-07-23 22:42:45.888786,new_device_0173,True,4.91,Satélite
2025-06-24 22:42:45.888786,new_device_0045,True,1.73,Local
2025-05-11 22:42:45.888786,new_device_0146,True,6.54,Satélite
2025-07-23 22:42:45.888786,new_device_0021,False,,Satélite
2025-07-28 22:42:45.888786,new_device_0003,False,,Celular
2025-06-24 22:42:45.888786,new_device_0038,False,,Celular
2025-05-15 22:42:45.888786,new_device_0197,True,1.17,Local
2025-05-15 22:42:45.888786,new_device_0023,True,3.87,Celular
2025-03-29 22:42:45.888786,new_device_0130,True,5.37,Local
2025-07-22 22:42:45.888786,new_device_0038,True,1.43,Local
2025-03-24 22:42:45.888786,new_device_0064,False,,Local
2025-03-21 22:42:45.888786,new_device_0032,True,6.02,Celular
2025-07-09 22:42:45.888786,new_device_0122,True,6.77,Satélite
2025-05-30 22:42:45.888786,new_device_0004,False,,Local
2025-07-14 22:42:45.888786,new_device_0036,False,,Local
2025-07-28 22:42:45.888786,new_device_0085,False,,Satélite
2025-03-21 22:42:45.888786,new_device_0103,True,0.97,Local
2025-04-02 22:42:45.888786,new_device_0125,False,,Satélite
2025-05-15 22:42:45.888786,new_device_0148,False,,Celular
2025-03-23 22:42:45.888786,new_device_0069,True,2.74,Satélite
2025-06-18 22:42:45.888786,new_device_0163,True,6.58,Celular
2025-07-01 22:42:45.888786,new_device_0052,False,,Local
2025-08-06 22:42:45.888786,new_device_0159,True,1.87,Satélite
2025-04-11 22:42:45.888786,new_device_0045,False,,Satélite
2025-08-12 22:42:45.888786,new_device_0111,False,,Local
2025-06-06 22:42:45.888786,new_device_0173,False,,Celular
2025-07-16 22:42:45.888786,new_device_0078,False,,Local
2025-06-13 22:42:45.888786,new_device_0167,False,,Celular
2025-05-16 22:42:45.888786,new_device_0112,True,4.73,Celular
2025-05-10 22:42:45.888786,new_device_0138,True,1.43,Local
2025-05-02 22:42:45.888786,new_device_0186,True,1.31,Celular
2025-06-22 22:42:45.888786,new_device_0146,False,,Satélite
2025-03-17 22:42:45.888786,new_device_0179,True,7.86,Local
2025-06-25 22:42:45.888786,new_device_0122,False,,Satélite
2025-06-25 22:42:45.888786,new_device_0192,True,7.67,Celular
2025-07-22 22:42:45.888786,new_device_0042,True,3.27,Celular
2025-08-16 22:42:45.888786,new_device_0061,True,6.81,Local
2025-05-07 22:42:45.888786,new_device_0017,False,,Celular
2025-06-13 22:42:45.888786,new_device_0039,True,6.33,Satélite
2025-05-10 22:42:45.888786,new_device_0062,True,7.12,Satélite
2025-08-21 22:42:45.888786,new_device_0038,False,,Satélite
2025-07-03 22:42:45.888786,new_device_0004,False,,Satélite
2025-03-22 22:42:45.888786,new_device_0185,True,7.9,Satélite
2025-05-29 22:42:45.888786,new_device_0024,True,3.27,Celular
2025-06-27 22:42:45.888786,new_device_0008,False,,Satélite
2025-07-14 22:42:45.888786,new_device_0018,True,4.72,Local
2025-09-08 22:42:45.888786,new_device_0058,False,,Satélite
2025-08-09 22:42:45.888786,new_device_0043,False,,Local
2025-07-14 22:42:45.888786,new_device_0169,False,,Satélite
2025-06-04 22:42:45.888786,new_device_0045,True,4.52,Celular
2025-03-13 22:42:45.888786,new_device_0109,True,1.33,Satélite
2025-07-26 22:42:45.888786,new_device_0143,True,2.2,Satélite
2025-07-05 22:42:45.888786,new_device_0161,True,1.26,Satélite
2025-03-31 22:42:45.888786,new_device_0046,False,,Satélite
2025-07-03 22:42:45.888786,new_device_0103,False,,Celular
2025-09-05 22:42:45.888786,new_device_0122,False,,Local
2025-03-31 22:42:45.888786,new_device_0027,False,,Satélite
2025-09-07 22:42:45.888786,new_device_0080,False,,Satélite
2025-03-15 22:42:45.888786,new_device_0033,True,3.72,Satélite
2025-06-12 22:42:45.888786,new_device_0055,True,4.84,Celular
2025-08-20 22:42:45.888786,new_device_0190,False,,Satélite
2025-05-09 22:42:45.888786,new_device_0182,False,,Celular
2025-08-31 22:42:45.888786,new_device_0184,False,,Celular
2025-04-05 22:42:45.888786,new_device_0096,False,,Satélite
2025-03-22 22:42:45.888786,new_device_0135,True,2.89,Satélite
2025-05-16 22:42:45.888786,new_device_0083,False,,Celular
2025-07-28 22:42:45.888786,new_device_0032,False,,Satélite
2025-06-08 22:42:45.888786,new_device_0160,True,7.77,Satélite
2025-06-14 22:42:45.888786,new_device_0196,True,2.61,Celular
2025-07-02 22:42:45.888786,new_device_0189,True,2.52,Celular
2025-04-25 22:42:45.888786,new_device_0057,False,,Satélite
2025-09-04 22:42:45.888786,new_device_0123,True,7.61,Local
2025-06-10 22:42:45.888786,new_device_0135,True,5.59,Satélite
2025-06-11 22:42:45.888786,new_device_0123,False,,Celular
2025-06-10 22:42:45.888786,new_device_0129,True,2.56,Local
2025-05-27 22:42:45.888786,new_device_0154,True,7.81,Satélite
2025-03-20 22:42:45.888786,new_device_0076,True,1.85,Local
2025-07-09 22:42:45.888786,new_device_0172,False,,Celular
2025-07-31 22:42:45.888786,new_device_0020,False,,Satélite
2025-05-01 22:42:45.888786,new_device_0189,True,4.66,Celular
2025-06-23 22:42:45.888786,new_device_0068,True,5.58,Satélite
2025-07-12 22:42:45.888786,new_device_0114,False,,Satélite
2025-05-03 22:42:45.888786,new_device_0006,True,7.18,Local
2025-06-16 22:42:45.888786,new_device_0140,False,,Celular
2025-09-08 22:42:45.888786,new_device_0199,False,,Satélite
2025-04-02 22:42:45.888786,new_device_0106,True,7.92,Local
2025-04-03 22:42:45.888786,new_device_0049,False,,Celular
2025-03-22 22:42:45.888786,new_device_0054,False,,Celular
2025-08-09 22:42:45.888786,new_device_0005,False,,Celular
2025-04-08 22:42:45.888786,new_device_0169,True,5.2,Local
2025-03-25 22:42:45.888786,new_device_0105,True,4.58,Local
2025-05-17 22:42:45.888786,new_device_0055,False,,Local
2025-05-14 22:42:45.888786,new_device_0054,False,,Celular
2025-07-23 22:42:45.888786,new_device_0023,True,7.7,Satélite
2025-07-07 22:42:45.888786,new_device_0117,True,1.96,Celular
2025-06-02 22:42:45.888786,new_device_0175,False,,Local
2025-07-09 22:42:45.888786,new_device_0161,False,,Satélite
2025-05-04 22:42:45.888786,new_device_0053,False,,Celular
2025-07-15 22:42:45.888786,new_device_0080,True,1.51,Celular
2025-03-22 22:42:45.888786,new_device_0198,False,,Satélite
2025-08-21 22:42:45.888786,new_device_0137,True,4.78,Satélite
2025-07-23 22:42:45.888786,new_device_0012,False,,Local
2025-07-24 22:42:45.888786,new_device_0030,False,,Local
2025-07-10 22:42:45.888786,new_device_0162,True,0.56,Local
2025-05-31 22:42:45.888786,new_device_0095,True,5.73,Local
2025-04-26 22:42:45.888786,new_device_0157,True,5.33,Satélite
2025-03-14 22:42:45.888786,new_device_0097,False,,Celular
2025-03-17 22:42:45.888786,new_device_0014,True,4.92,Celular
2025-05-28 22:42:45.888786,new_device_0194,False,,Local
2025-08-16 22:42:45.888786,new_device_0068,False,,Satélite
2025-09-02 22:42:45.888786,new_device_0083,False,,Local
2025-09-06 22:42:45.888786,new_device_0177,False,,Satélite
2025-04-09 22:42:45.888786,new_device_0149,False,,Satélite
2025-04-19 22:42:45.888786,new_device_0158,True,1.94,Celular
2025-04-14 22:42:45.888786,new_device_0198,False,,Celular
2025-06-09 22:42:45.888786,new_device_0035,False,,Local
2025-03-15 22:42:45.888786,new_device_0194,True,4.81,Local
2025-08-22 22:42:45.888786,new_device_0141,False,,Local
2025-07-29 22:42:45.888786,new_device_0081,False,,Celular
2025-07-20 22:42:45.888786,new_device_0170,True,0.72,Local
2025-04-20 22:42:45.888786,new_device_0052,True,4.26,Celular
2025-05-15 22:42:45.888786,new_device_0060,False,,Local
2025-06-16 22:42:45.888786,new_device_0134,False,,Local
2025-05-14 22:42:45.888786,new_device_0068,False,,Satélite
2025-05-08 22:42:45.888786,new_device_0088,True,4.19,Local
2025-04-23 22:42:45.888786,new_device_0075,True,1.92,Celular
2025-07-11 22:42:45.888786,new_device_0013,True,6.28,Local
2025-09-06 22:42:45.888786,new_device_0129,True,7.69,Satélite
2025-03-13 22:42:45.888786,new_device_0167,False,,Satélite
2025-07-31 22:42:45.888786,new_device_0071,True,3.59,Local
2025-08-08 22:42:45.888786,new_device_0050,True,1.66,Celular
2025-06-19 22:42:45.888786,new_device_0047,False,,Local
2025-07-21 22:42:45.888786,new_device_0066,False,,Satélite
2025-04-26 22:42:45.888786,new_device_0078,True,7.1,Celular
2025-08-13 22:42:45.888786,new_device_0047,False,,Local
2025-03-17 22:42:45.888786,new_device_0087,True,6.24,Satélite
2025-06-02 22:42:45.888786,new_device_0115,True,5.69,Celular
2025-05-24 22:42:45.888786,new_device_0065,False,,Local
2025-04-16 22:42:45.888786,new_device_0009,True,7.1,Satélite
2025-09-08 22:42:45.888786,new_device_0158,True,1.54,Satélite
2025-07-18 22:42:45.888786,new_device_0089,False,,Celular
2025-08-29 22:42:45.888786,new_device_0005,False,,Local
2025-05-13 22:42:45.888786,new_device_0078,True,3.42,Satélite
2025-09-07 22:42:45.888786,new_device_0052,True,1.45,Satélite
2025-03-20 22:42:45.888786,new_device_0048,False,,Local
2025-06-15 22:42:45.888786,new_device_0173,True,4.6,Local
2025-04-20 22:42:45.888786,new_device_0168,True,7.05,Celular
2025-05-10 22:42:45.888786,new_device_0054,False,,Celular
2025-03-17 22:42:45.888786,new_device_0053,False,,Satélite
2025-03-29 22:42:45.888786,new_device_0040,True,4.16,Local
2025-05-01 22:42:45.888786,new_device_0043,False,,Celular
2025-07-27 22:42:45.888786,new_device_0159,True,1.98,Local
2025-03-20 22:42:45.888786,new_device_0100,False,,Satélite
2025-06-04 22:42:45.888786,new_device_0007,True,5.16,Celular
2025-04-01 22:42:45.888786,new_device_0074,False,,Satélite
2025-03-25 22:42:45.888786,new_device_0004,True,6.92,Satélite
2025-04-28 22:42:45.888786,new_device_0176,False,,Satélite
2025-05-05 22:42:45.888786,new_device_0065,True,1.07,Celular
2025-04-09 22:42:45.888786,new_device_0039,True,5.62,Satélite
2025-07-01 22:42:45.888786,new_device_0052,False,,Satélite
2025-04-22 22:42:45.888786,new_device_0041,False,,Satélite
2025-06-21 22:42:45.888786,new_device_0038,False,,Local
2025-08-29 22:42:45.888786,new_device_0094,True,6.58,Celular
2025-03-13 22:42:45.888786,new_device_0168,False,,Celular
2025-09-02 22:42:45.888786,new_device_0028,True,3.55,Satélite
2025-05-29 22:42:45.888786,new_device_0137,True,5.79,Satélite
2025-06-23 22:42:45.888786,new_device_0093,True,4.57,Satélite
2025-03-26 22:42:45.888786,new_device_0012,True,5.83,Satélite
2025-05-03 22:42:45.888786,new_device_0183,False,,Satélite
2025-03-21 22:42:45.888786,new_device_0088,False,,Local
2025-06-16 22:42:45.888786,new_device_0056,True,7.45,Satélite
2025-06-21 22:42:45.888786,new_device_0090,False,,Satélite
2025-06-22 22:42:45.888786,new_device_0101,True,5.98,Celular
2025-06-27 22:42:45.888786,new_device_0010,True,3.85,Celular
2025-04-13 22:42:45.888786,new_device_0020,False,,Celular
2025-07-19 22:42:45.888786,new_device_0139,True,3.76,Celular
2025-08-13 22:42:45.888786,new_device_0134,True,3.0,Satélite
2025-07-21 22:42:45.888786,new_device_0041,True,5.23,Satélite
2025-07-11 22:42:45.888786,new_device_0075,True,1.5,Celular
2025-07-05 22:42:45.888786,new_device_0008,False,,Local
2025-04-10 22:42:45.888786,new_device_0065,False,,Celular
2025-08-07 22:42:45.888786,new_device_0056,True,4.91,Satélite
2025-07-30 22:42:45.888786,new_device_0065,True,2.46,Local
2025-03-25 22:42:45.888786,new_device_0045,False,,Celular
2025-06-28 22:42:45.888786,new_device_0066,True,3.52,Satélite
2025-03-19 22:42:45.888786,new_device_0094,True,1.79,Celular
2025-06-18 22:42:45.888786,new_device_0036,False,,Celular
2025-07-04 22:42:45.888786,new_device_0128,True,0.86,Celular
2025-04-02 22:42:45.888786,new_device_0035,False,,Local
2025-06-02 22:42:45.888786,new_device_0173,True,7.9,Celular
2025-03-16 22:42:45.888786,new_device_0014,True,7.78,Celular
2025-07-10 22:42:45.888786,new_device_0155,True,6.33,Celular
2025-08-23 22:42:45.888786,new_device_0039,True,7.12,Satélite
2025-05-29 22:42:45.888786,new_device_0030,True,7.1,Local
2025-08-29 22:42:45.888786,new_device_0156,True,2.02,Satélite
2025-08-18 22:42:45.888786,new_device_0115,False,,Celular
2025-07-29 22:42:45.888786,new_device_0087,True,1.33,Celular
2025-06-01 22:42:45.888786,new_device_0083,False,,Celular
2025-07-26 22:42:45.888786,new_device_0076,True,1.76,Local
2025-07-22 22:42:45.888786,new_device_0165,True,0.51,Satélite
2025-07-15 22:42:45.888786,new_device_0123,True,4.56,Celular
2025-09-05 22:42:45.888786,new_device_0059,True,2.3,Celular
2025-05-29 22:42:45.888786,new_device_0035,True,1.5,Local
2025-04-18 22:42:45.888786,new_device_0113,False,,Satélite
2025-07-24 22:42:45.888786,new_device_0173,False,,Satélite
2025-03-29 22:42:45.888786,new_device_0017,False,,Celular
2025-04-21 22:42:45.888786,new_device_0191,True,4.4,Local
2025-04-07 22:42:45.888786,new_device_0006,False,,Satélite
2025-03-21 22:42:45.888786,new_device_0169,False,,Local
2025-08-18 22:42:45.888786,new_device_0019,True,7.53,Satélite
2025-07-01 22:42:45.888786,new_device_0169,True,6.72,Local
2025-08-03 22:42:45.888786,new_device_0009,True,4.19,Satélite
2025-05-26 22:42:45.888786,new_device_0184,False,,Satélite
2025-04-30 22:42:45.888786,new_device_0199,False,,Satélite
2025-07-01 22:42:45.888786,new_device_0122,False,,Local
2025-04-15 22:42:45.888786,new_device_0019,False,,Satélite
2025-05-29 22:42:45.888786,new_device_0096,False,,Satélite
2025-08-26 22:42:45.888786,new_device_0172,False,,Celular
2025-03-19 22:42:45.888786,new_device_0111,False,,Celular
2025-05-23 22:42:45.888786,new_device_0091,True,1.54,Satélite
2025-06-17 22:42:45.888786,new_device_0122,False,,Satélite
2025-06-02 22:42:45.888786,new_device_0104,True,2.38,Celular
2025-07-17 22:42:45.888786,new_device_0113,False,,Local
2025-06-19 22:42:45.888786,new_device_0004,True,3.35,Satélite
2025-08-27 22:42:45.888786,new_device_0072,True,4.38,Celular
2025-06-07 22:42:45.888786,new_device_0171,True,4.4,Celular
2025-05-27 22:42:45.888786,new_device_0019,True,1.09,Satélite
2025-05-21 22:42:45.888786,new_device_0125,False,,Local
2025-03-19 22:42:45.888786,new_device_0033,False,,Local
2025-08-03 22:42:45.888786,new_device_0096,True,2.9,Celular
2025-08-01 22:42:45.888786,new_device_0091,False,,Local
2025-05-28 22:42:45.888786,new_device_0068,True,7.16,Satélite
2025-06-20 22:42:45.888786,new_device_0085,False,,Local
2025-05-13 22:42:45.888786,new_device_0043,True,4.26,Local
2025-08-02 22:42:45.888786,new_device_0094,False,,Celular
2025-08-30 22:42:45.888786,new_device_0043,False,,Satélite
2025-07-14 22:42:45.888786,new_device_0083,False,,Local
2025-06-14 22:42:45.888786,new_device_0051,True,3.4,Satélite
2025-07-10 22:42:45.888786,new_device_0129,False,,Local
2025-08-15 22:42:45.888786,new_device_0073,False,,Local
2025-06-30 22:42:45.888786,new_device_0140,True,3.92,Celular
2025-07-31 22:42:45.888786,new_device_0079,True,3.43,Satélite
2025-08-30 22:42:45.888786,new_device_0147,True,3.67,Celular
2025-07-02 22:42:45.888786,new_device_0124,True,1.61,Local
2025-07-25 22:42:45.888786,new_device_0059,False,,Local
2025-05-16 22:42:45.888786,new_device_0169,True,4.91,Local
2025-08-02 22:42:45.888786,new_device_0009,True,2.06,Local
2025-07-13 22:42:45.888786,new_device_0091,False,,Celular
2025-04-22 22:42:45.888786,new_device_0117,True,5.63,Local
2025-06-15 22:42:45.888786,new_device_0047,False,,Celular
2025-09-06 22:42:45.888786,new_device_0041,False,,Satélite
2025-06-12 22:42:45.888786,new_device_0006,False,,Celular
2025-03-28 22:42:45.888786,new_device_0115,False,,Celular
2025-07-12 22:42:45.888786,new_device_0061,True,6.85,Celular
2025-07-25 22:42:45.888786,new_device_0162,True,3.75,Satélite
2025-06-06 22:42:45.888786,new_device_0081,False,,Satélite
2025-08-10 22:42:45.888786,new_device_0121,False,,Celular
2025-06-06 22:42:45.888786,new_device_0111,True,5.29,Celular
2025-03-29 22:42:45.888786,new_device_0164,False,,Satélite
2025-04-17 22:42:45.888786,new_device_0041,False,,Celular
2025-05-21 22:42:45.888786,new_device_0142,False,,Local
2025-04-23 22:42:45.888786,new_device_0130,False,,Celular
2025-09-05 22:42:45.888786,new_device_0063,False,,Satélite
2025-03-15 22:42:45.888786,new_device_0155,True,4.9,Satélite
2025-07-03 22:42:45.888786,new_device_0194,True,4.78,Satélite
2025-08-13 22:42:45.888786,new_device_0043,True,7.29,Satélite
2025-06-25 22:42:45.888786,new_device_0004,True,2.36,Local
2025-04-04 22:42:45.888786,new_device_0038,True,2.87,Satélite
2025-07-19 22:42:45.888786,new_device_0132,False,,Satélite
2025-07-06 22:42:45.888786,new_device_0102,False,,Celular
2025-08-19 22:42:45.888786,new_device_0068,False,,Local
2025-05-07 22:42:45.888786,new_device_0001,True,6.52,Satélite
2025-06-23 22:42:45.888786,new_device_0131,True,4.94,Celular
2025-06-05 22:42:45.888786,new_device_0025,True,3.94,Local
2025-08-15 22:42:45.888786,new_device_0197,False,,Celular
2025-09-02 22:42:45.888786,new_device_0160,False,,Celular
2025-06-18 22:42:45.888786,new_device_0052,True,7.09,Satélite
2025-05-03 22:42:45.888786,new_device_0087,False,,Local
2025-04-25 22:42:45.888786,new_device_0160,False,,Satélite
2025-03-14 22:42:45.888786,new_device_0103,True,4.46,Local
2025-08-15 22:42:45.888786,new_device_0135,False,,Local
2025-08-30 22:42:45.888786,new_device_0112,False,,Satélite
2025-06-28 22:42:45.888786,new_device_0137,True,6.45,Celular
2025-04-12 22:42:45.888786,new_device_0113,True,5.77,Local
2025-03-28 22:42:45.888786,new_device_0001,False,,Celular
2025-09-04 22:42:45.888786,new_device_0194,True,6.87,Local
2025-08-17 22:42:45.888786,new_device_0139,False,,Local
2025-07-18 22:42:45.888786,new_device_0187,True,5.17,Local
2025-06-04 22:42:45.888786,new_device_0104,False,,Satélite
2025-06-02 22:42:45.888786,new_device_0146,True,6.88,Local
2025-08-27 22:42:45.888786,new_device_0175,True,5.13,Celular
2025-03-24 22:42:45.888786,new_device_0096,True,7.88,Satélite
2025-04-08 22:42:45.888786,new_device_0197,False,,Local
2025-07-20 22:42:45.888786,new_device_0100,True,3.25,Satélite
2025-08-19 22:42:45.888786,new_device_0181,True,4.62,Satélite
2025-04-01 22:42:45.888786,new_device_0198,False,,Celular
2025-07-31 22:42:45.888786,new_device_0147,False,,Local
2025-09-07 22:42:45.888786,new_device_0151,False,,Satélite
2025-08-05 22:42:45.888786,new_device_0151,True,4.43,Local
2025-06-16 22:42:45.888786,new_device_0079,False,,Celular
2025-04-26 22:42:45.888786,new_device_0135,False,,Local
2025-05-01 22:42:45.888786,new_device_0057,True,2.0,Satélite
2025-07-31 22:42:45.888786,new_device_0060,False,,Celular
2025-06-18 22:42:45.888786,new_device_0017,True,0.89,Satélite
2025-06-16 22:42:45.888786,new_device_0113,True,5.06,Local
2025-06-20 22:42:45.888786,new_device_0012,True,4.56,Satélite
2025-04-01 22:42:45.888786,new_device_0068,False,,Celular
2025-06-07 22:42:45.888786,new_device_0188,False,,Local
2025-07-22 22:42:45.888786,new_device_0068,True,4.08,Satélite
2025-05-24 22:42:45.888786,new_device_0113,False,,Local
2025-07-14 22:42:45.888786,new_device_0029,False,,Local
2025-03-19 22:42:45.888786,new_device_0151,False,,Satélite
2025-03-30 22:42:45.888786,new_device_0102,False,,Celular
2025-05-14 22:42:45.888786,new_device_0037,False,,Local
2025-03-23 22:42:45.888786,new_device_0058,True,7.32,Satélite
2025-07-20 22:42:45.888786,new_device_0095,True,1.45,Satélite
2025-05-17 22:42:45.888786,new_device_0113,False,,Celular
2025-06-07 22:42:45.888786,new_device_0118,True,3.14,Local
2025-06-01 22:42:45.888786,new_device_0048,False,,Celular
2025-08-31 22:42:45.888786,new_device_0050,False,,Celular
2025-05-15 22:42:45.888786,new_device_0154,True,7.25,Satélite
2025-09-01 22:42:45.888786,new_device_0081,True,3.17,Celular
2025-03-19 22:42:45.888786,new_device_0127,True,6.39,Celular
2025-06-28 22:42:45.888786,new_device_0174,False,,Satélite
2025-08-24 22:42:45.888786,new_device_0153,False,,Celular
2025-07-16 22:42:45.888786,new_device_0072,False,,Satélite
2025-06-26 22:42:45.888786,new_device_0183,True,1.87,Celular
2025-04-30 22:42:45.888786,new_device_0168,True,1.03,Satélite
2025-03-19 22:42:45.888786,new_device_0100,False,,Satélite
2025-04-21 22:42:45.888786,new_device_0014,False,,Satélite
2025-06-02 22:42:45.888786,new_device_0003,False,,Local
2025-04-19 22:42:45.888786,new_device_0054,True,7.4,Local
2025-06-28 22:42:45.888786,new_device_0169,False,,Celular
2025-03-28 22:42:45.888786,new_device_0115,True,6.42,Celular
2025-07-07 22:42:45.888786,new_device_0079,True,0.74,Local
2025-06-27 22:42:45.888786,new_device_0137,False,,Satélite
2025-04-02 22:42:45.888786,new_device_0174,True,4.3,Satélite
2025-04-08 22:42:45.888786,new_device_0046,True,7.64,Satélite
2025-08-06 22:42:45.888786,new_device_0107,True,7.79,Celular
2025-05-20 22:42:45.888786,new_device_0114,False,,Local
2025-05-24 22:42:45.888786,new_device_0186,True,4.85,Celular
2025-05-20 22:42:45.888786,new_device_0076,True,4.41,Celular
2025-08-11 22:42:45.888786,new_device_0116,True,1.53,Satélite
2025-04-19 22:42:45.888786,new_device_0182,True,5.92,Local
2025-03-26 22:42:45.888786,new_device_0034,False,,Satélite
2025-08-28 22:42:45.888786,new_device_0186,False,,Local
2025-03-18 22:42:45.888786,new_device_0131,False,,Local
2025-06-16 22:42:45.888786,new_device_0010,True,1.26,Local
2025-04-15 22:42:45.888786,new_device_0031,True,0.87,Celular
2025-06-17 22:42:45.888786,new_device_0039,False,,Celular
2025-05-07 22:42:45.888786,new_device_0094,True,1.92,Local
2025-06-17 22:42:45.888786,new_device_0048,True,1.19,Celular
2025-05-24 22:42:45.888786,new_device_0137,True,2.77,Celular
2025-03-27 22:42:45.888786,new_device_0006,True,1.14,Satélite
2025-05-24 22:42:45.888786,new_device_0182,False,,Local
2025-07-22 22:42:45.888786,new_device_0094,False,,Local
2025-08-10 22:42:45.888786,new_device_0068,True,6.0,Satélite
2025-06-14 22:42:45.888786,new_device_0084,False,,Local
2025-06-14 22:42:45.888786,new_device_0036,False,,Celular
2025-07-08 22:42:45.888786,new_device_0168,False,,Satélite
2025-08-25 22:42:45.888786,new_device_0120,True,6.51,Celular
2025-06-06 22:42:45.888786,new_device_0177,True,5.77,Local
2025-07-16 22:42:45.888786,new_device_0077,True,7.9,Satélite
2025-07-06 22:42:45.888786,new_device_0100,False,,Local
2025-03-17 22:42:45.888786,new_device_0092,False,,Satélite
2025-08-09 22:42:45.888786,new_device_0124,True,3.87,Satélite
2025-06-28 22:42:45.888786,new_device_0129,False,,Local
2025-03-14 22:42:45.888786,new_device_0075,False,,Local
2025-05-31 22:42:45.888786,new_device_0035,False,,Satélite
2025-08-28 22:42:45.888786,new_device_0167,True,4.15,Satélite
2025-04-18 22:42:45.888786,new_device_0182,True,1.82,Local
2025-05-10 22:42:45.888786,new_device_0026,True,4.62,Satélite
2025-09-01 22:42:45.888786,new_device_0046,True,4.61,Celular
2025-07-24 22:42:45.888786,new_device_0186,True,0.51,Celular
2025-05-25 22:42:45.888786,new_device_0138,False,,Celular
2025-05-03 22:42:45.888786,new_device_0185,False,,Satélite
2025-04-04 22:42:45.888786,new_device_0027,False,,Satélite
2025-07-21 22:42:45.888786,new_device_0158,False,,Local
2025-03-23 22:42:45.888786,new_device_0069,True,1.5,Satélite
2025-05-28 22:42:45.888786,new_device_0157,False,,Local
2025-08-06 22:42:45.888786,new_device_0149,True,0.59,Celular
2025-06-21 22:42:45.888786,new_device_0151,True,1.12,Celular
2025-06-15 22:42:45.888786,new_device_0052,False,,Local
2025-05-27 22:42:45.888786,new_device_0103,False,,Satélite
2025-03-14 22:42:45.888786,new_device_0180,False,,Local
2025-07-14 22:42:45.888786,new_device_0022,True,0.78,Local
2025-07-21 22:42:45.888786,new_device_0176,True,5.7,Satélite
2025-07-24 22:42:45.888786,new_device_0173,False,,Celular
2025-06-24 22:42:45.888786,new_device_0143,False,,Local
2025-06-03 22:42:45.888786,new_device_0142,False,,Local
2025-04-28 22:42:45.888786,new_device_0039,False,,Celular
2025-04-30 22:42:45.888786,new_device_0195,True,0.73,Celular
2025-07-03 22:42:45.888786,new_device_0054,True,4.25,Satélite
2025-04-21 22:42:45.888786,new_device_0165,False,,Satélite
2025-08-25 22:42:45.888786,new_device_0010,False,,Satélite
2025-07-30 22:42:45.888786,new_device_0144,False,,Celular
2025-07-08 22:42:45.888786,new_device_0157,True,4.64,Satélite
2025-09-06 22:42:45.888786,new_device_0135,True,2.47,Celular
2025-04-07 22:42:45.888786,new_device_0142,True,4.0,Local
2025-05-02 22:42:45.888786,new_device_0126,False,,Celular
2025-06-28 22:42:45.888786,new_device_0194,False,,Celular
2025-08-25 22:42:45.888786,new_device_0068,True,5.41,Satélite
2025-06-25 22:42:45.888786,new_device_0120,False,,Celular
2025-04-12 22:42:45.888786,new_device_0165,True,6.12,Local
2025-04-03 22:42:45.888786,new_device_0192,True,5.38,Satélite
2025-04-27 22:42:45.888786,new_device_0135,True,5.41,Local
2025-05-14 22:42:45.888786,new_device_0164,False,,Local
2025-09-02 22:42:45.888786,new_device_0068,True,3.14,Celular
2025-07-30 22:42:45.888786,new_device_0072,True,4.49,Local
2025-05-11 22:42:45.888786,new_device_0142,True,7.83,Satélite
2025-05-30 22:42:45.888786,new_device_0084,False,,Local
2025-06-05 22:42:45.888786,new_device_0127,True,4.07,Local
2025-05-25 22:42:45.888786,new_device_0114,True,4.73,Satélite
2025-04-08 22:42:45.888786,new_device_0192,True,4.74,Satélite
2025-07-29 22:42:45.888786,new_device_0058,True,7.97,Celular
2025-04-05 22:42:45.888786,new_device_0029,True,5.79,Celular
2025-04-12 22:42:45.888786,new_device_0185,False,,Celular
2025-08-09 22:42:45.888786,new_device_0094,False,,Satélite
2025-08-19 22:42:45.888786,new_device_0023,True,4.43,Celular
2025-03-17 22:42:45.888786,new_device_0003,True,6.04,Local
2025-05-18 22:42:45.888786,new_device_0178,False,,Celular
2025-03-17 22:42:45.888786,new_device_0134,True,6.84,Celular
2025-03-25 22:42:45.888786,new_device_0054,False,,Satélite
2025-07-10 22:42:45.888786,new_device_0043,False,,Local
2025-03-29 22:42:45.888786,new_device_0059,True,2.91,Satélite
2025-07-31 22:42:45.888786,new_device_0137,True,4.23,Celular
2025-06-22 22:42:45.888786,new_device_0105,True,1.68,Celular
2025-07-03 22:42:45.888786,new_device_0004,True,5.29,Local
2025-04-10 22:42:45.888786,new_device_0066,False,,Local
2025-08-01 22:42:45.888786,new_device_0038,False,,Satélite
2025-07-31 22:42:45.888786,new_device_0095,True,6.71,Satélite
2025-07-24 22:42:45.888786,new_device_0200,True,6.88,Local
2025-07-30 22:42:45.888786,new_device_0148,False,,Celular
2025-08-18 22:42:45.888786,new_device_0062,True,3.55,Local
2025-07-12 22:42:45.888786,new_device_0035,False,,Local
2025-07-29 22:42:45.888786,new_device_0169,False,,Celular
2025-06-24 22:42:45.888786,new_device_0176,True,7.67,Local
2025-05-17 22:42:45.888786,new_device_0052,False,,Satélite
2025-07-26 22:42:45.888786,new_device_0019,True,7.0,Satélite
2025-04-08 22:42:45.888786,new_device_0186,False,,Satélite
2025-04-29 22:42:45.888786,new_device_0180,True,1.94,Local
2025-08-15 22:42:45.888786,new_device_0112,False,,Celular
2025-05-13 22:42:45.888786,new_device_0101,True,7.3,Local
2025-06-24 22:42:45.888786,new_device_0065,False,,Local
2025-05-03 22:42:45.888786,new_device_0097,True,4.16,Celular
2025-09-06 22:42:45.888786,new_device_0109,False,,Satélite
2025-08-30 22:42:45.888786,new_device_0160,True,4.03,Local
2025-05-18 22:42:45.888786,new_device_0056,True,3.42,Celular
2025-06-17 22:42:45.888786,new_device_0194,True,5.23,Local
2025-04-19 22:42:45.888786,new_device_0120,False,,Local
2025-07-08 22:42:45.888786,new_device_0121,False,,Local
2025-04-19 22:42:45.888786,new_device_0137,True,4.56,Satélite
2025-08-17 22:42:45.888786,new_device_0152,False,,Satélite
2025-06-18 22:42:45.888786,new_device_0161,True,4.2,Local
2025-05-17 22:42:45.888786,new_device_0042,False,,Celular
2025-03-30 22:42:45.888786,new_device_0190,False,,Celular
2025-05-18 22:42:45.888786,new_device_0049,True,4.6,Celular
2025-06-19 22:42:45.888786,new_device_0044,True,1.58,Celular
2025-05-15 22:42:45.888786,new_device_0077,False,,Celular
2025-07-19 22:42:45.888786,new_device_0159,True,1.1,Local
2025-09-06 22:42:45.888786,new_device_0170,False,,Satélite
2025-08-30 22:42:45.888786,new_device_0136,True,3.36,Celular
2025-08-25 22:42:45.888786,new_device_0194,True,0.96,Celular
2025-05-26 22:42:45.888786,new_device_0190,True,5.13,Satélite
2025-03-17 22:42:45.888786,new_device_0081,False,,Local
2025-08-05 22:42:45.888786,new_device_0054,False,,Satélite
2025-04-16 22:42:45.888786,new_device_0037,True,2.61,Satélite
2025-05-19 22:42:45.888786,new_device_0156,False,,Satélite
2025-05-11 22:42:45.888786,new_device_0044,True,7.53,Celular
2025-08-13 22:42:45.888786,new_device_0131,True,6.54,Satélite
2025-04-29 22:42:45.888786,new_device_0187,False,,Satélite
2025-03-25 22:42:45.888786,new_device_0073,False,,Local
2025-08-03 22:42:45.888786,new_device_0123,True,6.33,Local
2025-05-18 22:42:45.888786,new_device_0141,True,4.96,Local
2025-03-28 22:42:45.888786,new_device_0179,False,,Local
2025-08-11 22:42:45.888786,new_device_0074,False,,Satélite
2025-07-01 22:42:45.888786,new_device_0162,False,,Satélite
2025-09-07 22:42:45.888786,new_device_0027,False,,Local
2025-07-12 22:42:45.888786,new_device_0008,False,,Local
2025-08-20 22:42:45.888786,new_device_0113,False,,Satélite
2025-07-07 22:42:45.888786,new_device_0158,False,,Local
2025-06-23 22:42:45.888786,new_device_0145,False,,Local
2025-04-24 22:42:45.888786,new_device_0052,True,6.76,Satélite
2025-05-16 22:42:45.888786,new_device_0006,True,5.06,Satélite
2025-08-29 22:42:45.888786,new_device_0096,True,6.52,Celular
2025-04-28 22:42:45.888786,new_device_0049,False,,Satélite
2025-07-15 22:42:45.888786,new_device_0085,True,7.6,Celular
2025-08-16 22:42:45.888786,new_device_0010,True,4.13,Satélite
2025-07-20 22:42:45.888786,new_device_0183,False,,Local
2025-08-07 22:42:45.888786,new_device_0052,True,4.82,Celular
2025-05-14 22:42:45.888786,new_device_0111,False,,Satélite
2025-08-24 22:42:45.888786,new_device_0167,True,5.86,Local
2025-07-07 22:42:45.888786,new_device_0147,False,,Local
2025-08-14 22:42:45.888786,new_device_0042,False,,Local
2025-07-20 22:42:45.888786,new_device_0004,False,,Satélite
2025-07-11 22:42:45.888786,new_device_0066,False,,Satélite
2025-04-13 22:42:45.888786,new_device_0013,False,,Celular
2025-04-08 22:42:45.888786,new_device_0056,True,7.72,Satélite
2025-04-15 22:42:45.888786,new_device_0118,False,,Celular
2025-05-07 22:42:45.888786,new_device_0131,True,5.27,Local
2025-06-05 22:42:45.888786,new_device_0192,True,6.71,Satélite
2025-04-23 22:42:45.888786,new_device_0092,True,5.27,Local
2025-05-20 22:42:45.888786,new_device_0149,False,,Celular
2025-07-01 22:42:45.888786,new_device_0143,True,1.65,Satélite
2025-08-06 22:42:45.888786,new_device_0083,True,6.4,Local
2025-08-01 22:42:45.888786,new_device_0099,True,4.76,Satélite
2025-03-26 22:42:45.888786,new_device_0102,False,,Local
2025-07-09 22:42:45.888786,new_device_0040,False,,Local
2025-06-28 22:42:45.888786,new_device_0143,False,,Local
2025-04-28 22:42:45.888786,new_device_0180,False,,Satélite
2025-03-27 22:42:45.888786,new_device_0142,False,,Celular
2025-07-26 22:42:45.888786,new_device_0099,True,1.5,Satélite
2025-07-15 22:42:45.888786,new_device_0088,True,3.5,Satélite
2025-05-17 22:42:45.888786,new_device_0097,False,,Celular
2025-09-03 22:42:45.888786,new_device_0067,False,,Satélite
2025-09-06 22:42:45.888786,new_device_0067,False,,Satélite
2025-07-12 22:42:45.888786,new_device_0053,False,,Satélite
2025-07-05 22:42:45.888786,new_device_0188,True,7.8,Local
2025-05-26 22:42:45.888786,new_device_0180,False,,Celular
2025-04-29 22:42:45.888786,new_device_0110,True,2.97,Satélite
2025-06-30 22:42:45.888786,new_device_0127,False,,Satélite
2025-04-27 22:42:45.888786,new_device_0106,False,,Local
2025-03-29 22:42:45.888786,new_device_0154,False,,Local
2025-07-17 22:42:45.888786,new_device_0021,True,5.74,Satélite
2025-05-17 22:42:45.888786,new_device_0200,False,,Celular
2025-06-01 22:42:45.888786,new_device_0038,True,2.76,Local
2025-06-28 22:42:45.888786,new_device_0085,True,1.61,Celular
2025-04-02 22:42:45.888786,new_device_0194,False,,Local
2025-03-26 22:42:45.888786,new_device_0016,True,7.69,Satélite
2025-03-14 22:42:45.888786,new_device_0017,True,6.95,Local
2025-07-17 22:42:45.888786,new_device_0001,False,,Satélite
2025-06-23 22:42:45.888786,new_device_0013,True,1.54,Local
2025-05-10 22:42:45.888786,new_device_0079,False,,Satélite
2025-05-11 22:42:45.888786,new_device_0146,True,1.09,Celular
2025-05-09 22:42:45.888786,new_device_0066,False,,Celular
2025-04-01 22:42:45.888786,new_device_0175,True,0.91,Local
2025-08-21 22:42:45.888786,new_device_0191,False,,Local
2025-08-15 22:42:45.888786,new_device_0111,False,,Celular
2025-05-05 22:42:45.888786,new_device_0155,False,,Satélite
2025-06-15 22:42:45.888786,new_device_0042,True,4.07,Celular
2025-05-21 22:42:45.888786,new_device_0196,True,7.6,Satélite
2025-06-12 22:42:45.888786,new_device_0118,False,,Celular
2025-03-13 22:42:45.888786,new_device_0012,False,,Celular
2025-08-07 22:42:45.888786,new_device_0144,True,6.69,Celular
2025-08-08 22:42:45.888786,new_device_0065,False,,Satélite
2025-04-20 22:42:45.888786,new_device_0049,False,,Local
2025-07-15 22:42:45.888786,new_device_0061,True,0.64,Local
2025-06-18 22:42:45.888786,new_device_0190,False,,Local
2025-06-18 22:42:45.888786,new_device_0028,False,,Celular
2025-05-27 22:42:45.888786,new_device_0026,False,,Celular
2025-09-05 22:42:45.888786,new_device_0175,False,,Celular
2025-03-20 22:42:45.888786,new_device_0173,True,3.47,Local
2025-03-14 22:42:45.888786,new_device_0180,True,4.5,Celular
2025-04-06 22:42:45.888786,new_device_0036,True,5.28,Celular
2025-05-03 22:42:45.888786,new_device_0016,True,7.32,Local
2025-04-14 22:42:45.888786,new_device_0057,True,6.55,Satélite
2025-03-21 22:42:45.888786,new_device_0160,True,6.37,Satélite
2025-08-05 22:42:45.888786,new_device_0189,True,6.07,Satélite
2025-08-27 22:42:45.888786,new_device_0011,True,6.79,Local
2025-03-25 22:42:45.888786,new_device_0187,True,4.83,Local
2025-06-12 22:42:45.888786,new_device_0069,True,5.17,Local
2025-07-06 22:42:45.888786,new_device_0048,False,,Local
2025-08-02 22:42:45.888786,new_device_0193,True,6.62,Local
2025-08-03 22:42:45.888786,new_device_0128,True,2.52,Local
2025-05-07 22:42:45.888786,new_device_0197,True,2.17,Satélite
2025-03-25 22:42:45.888786,new_device_0180,False,,Celular
2025-08-24 22:42:45.888786,new_device_0004,False,,Celular
2025-06-03 22:42:45.888786,new_device_0118,False,,Local
2025-05-16 22:42:45.888786,new_device_0111,True,4.68,Celular
2025-08-23 22:42:45.888786,new_device_0170,True,2.1,Celular
2025-08-02 22:42:45.888786,new_device_0194,False,,Satélite
2025-05-03 22:42:45.888786,new_device_0176,False,,Satélite
2025-04-30 22:42:45.888786,new_device_0024,True,5.07,Celular
2025-08-08 22:42:45.888786,new_device_0188,True,2.35,Satélite
2025-06-30 22:42:45.888786,new_device_0081,False,,Local
2025-07-20 22:42:45.888786,new_device_0139,True,0.98,Local
2025-09-08 22:42:45.888786,new_device_0184,True,5.12,Local
2025-08-15 22:42:45.888786,new_device_0093,True,1.63,Celular
2025-08-16 22:42:45.888786,new_device_0046,False,,Satélite
2025-04-11 22:42:45.888786,new_device_0169,False,,Local
2025-04-04 22:42:45.888786,new_device_0116,True,7.46,Celular
2025-09-03 22:42:45.888786,new_device_0096,False,,Celular
2025-08-26 22:42:45.888786,new_device_0129,False,,Satélite
2025-06-25 22:42:45.888786,new_device_0034,False,,Satélite
2025-06-13 22:42:45.888786,new_device_0043,False,,Satélite
2025-04-07 22:42:45.888786,new_device_0158,True,4.98,Local
2025-05-09 22:42:45.888786,new_device_0162,True,5.76,Satélite
2025-07-31 22:42:45.888786,new_device_0108,True,1.37,Celular
2025-04-17 22:42:45.888786,new_device_0123,True,4.16,Local
2025-07-03 22:42:45.888786,new_device_0174,False,,Local
2025-05-09 22:42:45.888786,new_device_0030,False,,Satélite
2025-04-17 22:42:45.888786,new_device_0176,True,6.24,Local
2025-04-02 22:42:45.888786,new_device_0078,True,7.9,Satélite
2025-04-01 22:42:45.888786,new_device_0155,False,,Satélite
2025-05-15 22:42:45.888786,new_device_0070,True,1.81,Satélite
2025-08-06 22:42:45.888786,new_device_0144,True,5.95,Local
2025-04-01 22:42:45.888786,new_device_0153,False,,Local
2025-05-08 22:42:45.888786,new_device_0132,True,7.23,Satélite
2025-06-02 22:42:45.888786,new_device_0182,True,2.84,Celular
2025-04-18 22:42:45.888786,new_device_0044,False,,Celular
2025-05-08 22:42:45.888786,new_device_0090,False,,Local
2025-03-28 22:42:45.888786,new_device_0135,True,6.26,Local
2025-06-19 22:42:45.888786,new_device_0067,True,7.08,Satélite
2025-03-21 22:42:45.888786,new_device_0110,False,,Celular
2025-07-25 22:42:45.888786,new_device_0079,False,,Celular
2025-08-21 22:42:45.888786,new_device_0077,False,,Local
2025-03-17 22:42:45.888786,new_device_0137,False,,Satélite
2025-07-26 22:42:45.888786,new_device_0173,True,6.2,Celular
2025-07-02 22:42:45.888786,new_device_0155,False,,Local
2025-04-08 22:42:45.888786,new_device_0145,True,5.46,Satélite
2025-05-07 22:42:45.888786,new_device_0019,False,,Local
2025-04-02 22:42:45.888786,new_device_0199,True,2.5,Celular
2025-06-03 22:42:45.888786,new_device_0178,True,4.71,Satélite
2025-07-15 22:42:45.888786,new_device_0085,True,3.09,Satélite
2025-04-27 22:42:45.888786,new_device_0072,True,6.92,Satélite
2025-07-21 22:42:45.888786,new_device_0037,False,,Celular
2025-04-01 22:42:45.888786,new_device_0151,False,,Satélite
2025-04-03 22:42:45.888786,new_device_0170,True,6.17,Satélite
2025-06-19 22:42:45.888786,new_device_0056,False,,Local
2025-08-06 22:42:45.888786,new_device_0057,True,3.1,Local
2025-05-26 22:42:45.888786,new_device_0189,False,,Satélite
2025-08-11 22:42:45.888786,new_device_0102,False,,Local
2025-08-29 22:42:45.888786,new_device_0118,True,1.88,Celular
2025-08-20 22:42:45.888786,new_device_0155,True,4.85,Local
2025-08-07 22:42:45.888786,new_device_0032,True,5.53,Local
2025-05-22 22:42:45.888786,new_device_0046,True,1.94,Local
2025-08-31 22:42:45.888786,new_device_0134,False,,Local
2025-03-23 22:42:45.888786,new_device_0165,False,,Satélite
2025-08-21 22:42:45.888786,new_device_0150,True,1.99,Local
2025-04-12 22:42:45.888786,new_device_0138,True,0.76,Celular
2025-07-26 22:42:45.888786,new_device_0112,True,5.16,Satélite
2025-07-22 22:42:45.888786,new_device_0011,False,,Satélite
2025-07-21 22:42:45.888786,new_device_0075,True,7.49,Satélite
2025-04-26 22:42:45.888786,new_device_0053,False,,Local
2025-04-26 22:42:45.888786,new_device_0075,False,,Local
2025-08-02 22:42:45.888786,new_device_0150,True,2.68,Satélite
2025-06-21 22:42:45.888786,new_device_0168,True,2.03,Local
2025-08-03 22:42:45.888786,new_device_0050,True,0.69,Celular
2025-07-06 22:42:45.888786,new_device_0166,True,2.32,Celular
2025-06-29 22:42:45.888786,new_device_0198,False,,Celular
2025-04-09 22:42:45.888786,new_device_0038,True,3.32,Celular
2025-07-23 22:42:45.888786,new_device_0060,False,,Satélite
2025-08-22 22:42:45.888786,new_device_0123,False,,Celular
2025-08-23 22:42:45.888786,new_device_0042,False,,Local
2025-07-23 22:42:45.888786,new_device_0160,True,3.88,Satélite
2025-03-19 22:42:45.888786,new_device_0008,True,7.47,Local
2025-05-20 22:42:45.888786,new_device_0168,False,,Celular
2025-07-17 22:42:45.888786,new_device_0154,False,,Satélite
2025-07-24 22:42:45.888786,new_device_0114,False,,Satélite
2025-07-07 22:42:45.888786,new_device_0028,False,,Local
2025-06-18 22:42:45.888786,new_device_0060,True,4.83,Local
2025-08-10 22:42:45.888786,new_device_0051,False,,Local
2025-05-13 22:42:45.888786,new_device_0180,False,,Local
2025-04-11 22:42:45.888786,new_device_0116,False,,Satélite
2025-06-21 22:42:45.888786,new_device_0172,False,,Satélite
2025-04-05 22:42:45.888786,new_device_0184,True,5.87,Satélite
2025-07-22 22:42:45.888786,new_device_0071,True,3.04,Celular
2025-03-13 22:42:45.888786,new_device_0137,True,5.82,Local
2025-08-06 22:42:45.888786,new_device_0010,False,,Local
2025-08-10 22:42:45.888786,new_device_0090,True,7.42,Satélite
2025-06-05 22:42:45.888786,new_device_0011,True,3.68,Celular
2025-07-10 22:42:45.888786,new_device_0074,False,,Celular
2025-03-25 22:42:45.888786,new_device_0149,False,,Satélite
2025-04-26 22:42:45.888786,new_device_0127,False,,Celular
2025-06-11 22:42:45.888786,new_device_0024,True,1.97,Local
2025-04-02 22:42:45.888786,new_device_0168,False,,Satélite
2025-07-30 22:42:45.888786,new_device_0146,False,,Celular
2025-04-04 22:42:45.888786,new_device_0091,True,0.74,Satélite
2025-07-20 22:42:45.888786,new_device_0120,True,2.08,Celular
2025-08-27 22:42:45.888786,new_device_0081,False,,Celular
2025-03-16 22:42:45.888786,new_device_0001,True,4.02,Satélite
2025-03-26 22:42:45.888786,new_device_0022,False,,Satélite
2025-07-05 22:42:45.888786,new_device_0123,False,,Celular
2025-05-25 22:42:45.888786,new_device_0033,False,,Celular
2025-04-10 22:42:45.888786,new_device_0185,True,2.08,Celular
2025-07-02 22:42:45.888786,new_device_0140,True,4.9,Satélite
2025-03-14 22:42:45.888786,new_device_0067,False,,Celular
2025-04-04 22:42:45.888786,new_device_0087,True,5.66,Local
2025-08-09 22:42:45.888786,new_device_0172,True,3.35,Local
2025-07-10 22:42:45.888786,new_device_0111,False,,Celular
2025-06-07 22:42:45.888786,new_device_0183,False,,Local
2025-08-08 22:42:45.888786,new_device_0092,False,,Celular
2025-07-27 22:42:45.888786,new_device_0120,False,,Celular
2025-07-07 22:42:45.888786,new_device_0142,True,4.21,Satélite
2025-06-19 22:42:45.888786,new_device_0084,True,5.79,Local
2025-05-29 22:42:45.888786,new_device_0178,True,6.62,Celular
2025-05-24 22:42:45.888786,new_device_0113,True,0.62,Local
2025-08-27 22:42:45.888786,new_device_0095,False,,Celular
2025-07-01 22:42:45.888786,new_device_0123,True,6.36,Local
2025-08-15 22:42:45.888786,new_device_0073,False,,Local
2025-05-01 22:42:45.888786,new_device_0053,False,,Satélite
2025-09-02 22:42:45.888786,new_device_0176,False,,Celular
2025-05-08 22:42:45.888786,new_device_0091,False,,Satélite
2025-05-05 22:42:45.888786,new_device_0127,False,,Celular
2025-06-02 22:42:45.888786,new_device_0012,False,,Satélite
2025-09-05 22:42:45.888786,new_device_0176,True,2.78,Satélite
2025-07-17 22:42:45.888786,new_device_0114,False,,Celular
2025-05-18 22:42:45.888786,new_device_0148,False,,Satélite
2025-04-08 22:42:45.888786,new_device_0125,False,,Local
2025-04-24 22:42:45.888786,new_device_0020,True,7.72,Local
2025-03-31 22:42:45.888786,new_device_0162,False,,Local
2025-03-29 22:42:45.888786,new_device_0148,False,,Local
2025-04-03 22:42:45.888786,new_device_0096,False,,Satélite
2025-09-08 22:42:45.888786,new_device_0067,True,2.58,Satélite
2025-06-26 22:42:45.888786,new_device_0053,True,4.36,Satélite
2025-03-16 22:42:45.888786,new_device_0094,True,6.04,Local
2025-07-06 22:42:45.888786,new_device_0156,True,1.28,Local
2025-07-31 22:42:45.888786,new_device_0194,False,,Celular
2025-04-26 22:42:45.888786,new_device_0197,False,,Celular
2025-06-02 22:42:45.888786,new_device_0191,True,5.97,Satélite
2025-05-19 22:42:45.888786,new_device_0124,True,5.98,Local
2025-05-02 22:42:45.888786,new_device_0051,True,3.19,Local
2025-07-05 22:42:45.888786,new_device_0092,True,0.81,Satélite
2025-06-28 22:42:45.888786,new_device_0122,True,4.28,Satélite
2025-06-09 22:42:45.888786,new_device_0133,True,2.91,Local
2025-05-27 22:42:45.888786,new_device_0026,True,6.91,Local
2025-04-08 22:42:45.888786,new_device_0071,False,,Satélite
2025-08-14 22:42:45.888786,new_device_0035,True,4.0,Satélite
2025-05-23 22:42:45.888786,new_device_0164,False,,Satélite
2025-06-25 22:42:45.888786,new_device_0126,False,,Local
2025-07-31 22:42:45.888786,new_device_0042,False,,Satélite
2025-04-11 22:42:45.888786,new_device_0081,False,,Satélite
2025-07-28 22:42:45.888786,new_device_0094,False,,Local
2025-05-05 22:42:45.888786,new_device_0180,True,3.83,Satélite
2025-07-04 22:42:45.888786,new_device_0143,False,,Local
2025-03-15 22:42:45.888786,new_device_0178,False,,Satélite
2025-06-28 22:42:45.888786,new_device_0160,False,,Local
2025-04-02 22:42:45.888786,new_device_0052,True,2.42,Satélite
2025-06-14 22:42:45.888786,new_device_0138,True,3.96,Celular
2025-05-28 22:42:45.888786,new_device_0058,False,,Satélite
2025-04-10 22:42:45.888786,new_device_0168,False,,Celular
2025-06-01 22:42:45.888786,new_device_0184,True,4.99,Local
2025-05-27 22:42:45.888786,new_device_0020,False,,Local
2025-05-29 22:42:45.888786,new_device_0114,True,4.33,Local
2025-04-22 22:42:45.888786,new_device_0030,True,5.14,Local
2025-06-19 22:42:45.888786,new_device_0035,False,,Satélite
2025-06-11 22:42:45.888786,new_device_0018,True,7.46,Satélite
2025-03-29 22:42:45.888786,new_device_0008,False,,Celular
2025-06-10 22:42:45.888786,new_device_0179,False,,Satélite
2025-08-26 22:42:45.888786,new_device_0018,False,,Celular
2025-08-03 22:42:45.888786,new_device_0132,False,,Local
2025-05-26 22:42:45.888786,new_device_0065,True,3.56,Satélite
2025-05-20 22:42:45.888786,new_device_0006,False,,Satélite
2025-04-16 22:42:45.888786,new_device_0080,True,2.06,Local
2025-08-28 22:42:45.888786,new_device_0186,True,7.03,Celular
2025-07-16 22:42:45.888786,new_device_0016,True,6.3,Satélite
2025-07-22 22:42:45.888786,new_device_0104,True,4.78,Celular
2025-05-21 22:42:45.888786,new_device_0055,True,3.15,Celular
2025-08-22 22:42:45.888786,new_device_0127,False,,Satélite
2025-04-19 22:42:45.888786,new_device_0158,True,2.18,Satélite
2025-04-07 22:42:45.888786,new_device_0174,True,5.92,Local
2025-07-18 22:42:45.888786,new_device_0059,True,6.88,Local
2025-08-08 22:42:45.888786,new_device_0180,False,,Satélite
2025-04-20 22:42:45.888786,new_device_0198,True,1.26,Local
2025-07-01 22:42:45.888786,new_device_0099,False,,Satélite
2025-07-26 22:42:45.888786,new_device_0171,True,1.46,Celular
2025-04-04 22:42:45.888786,new_device_0057,False,,Celular
2025-03-31 22:42:45.888786,new_device_0069,False,,Satélite
2025-07-21 22:42:45.888786,new_device_0092,False,,Satélite
2025-04-12 22:42:45.888786,new_device_0013,False,,Satélite
2025-07-08 22:42:45.888786,new_device_0106,True,3.88,Satélite
2025-08-02 22:42:45.888786,new_device_0008,False,,Local
2025-07-06 22:42:45.888786,new_device_0199,False,,Celular
2025-07-16 22:42:45.888786,new_device_0015,False,,Satélite
2025-06-16 22:42:45.888786,new_device_0028,True,5.66,Celular
2025-03-22 22:42:45.888786,new_device_0014,True,2.46,Local
2025-06-29 22:42:45.888786,new_device_0073,False,,Satélite
2025-04-25 22:42:45.888786,new_device_0072,False,,Local
2025-06-05 22:42:45.888786,new_device_0185,True,3.38,Celular
2025-03-24 22:42:45.888786,new_device_0036,True,0.79,Satélite
2025-08-26 22:42:45.888786,new_device_0114,False,,Satélite
2025-03-18 22:42:45.888786,new_device_0036,True,5.25,Satélite
2025-09-06 22:42:45.888786,new_device_0159,True,5.6,Celular
2025-05-09 22:42:45.888786,new_device_0152,False,,Local
2025-04-25 22:42:45.888786,new_device_0076,False,,Local
2025-06-29 22:42:45.888786,new_device_0153,False,,Local
2025-05-01 22:42:45.888786,new_device_0074,False,,Satélite
2025-09-07 22:42:45.888786,new_device_0073,True,5.66,Satélite
2025-04-19 22:42:45.888786,new_device_0167,True,5.77,Local
2025-07-20 22:42:45.888786,new_device_0040,True,5.76,Celular
2025-06-15 22:42:45.888786,new_device_0169,True,0.91,Local
2025-08-07 22:42:45.888786,new_device_0016,False,,Satélite
2025-05-27 22:42:45.888786,new_device_0011,True,2.63,Satélite
2025-07-07 22:42:45.888786,new_device_0096,False,,Celular
2025-09-03 22:42:45.888786,new_device_0195,True,1.32,Satélite
2025-05-27 22:42:45.888786,new_device_0130,True,3.7,Satélite
2025-08-10 22:42:45.888786,new_device_0184,False,,Celular
2025-07-01 22:42:45.888786,new_device_0158,False,,Satélite
2025-06-29 22:42:45.888786,new_device_0166,True,6.36,Satélite
2025-04-04 22:42:45.888786,new_device_0076,False,,Celular
2025-08-15 22:42:45.888786,new_device_0075,True,7.14,Celular
2025-08-05 22:42:45.888786,new_device_0032,False,,Local
2025-04-21 22:42:45.888786,new_device_0020,True,0.59,Celular
2025-05-10 22:42:45.888786,new_device_0128,False,,Local
2025-05-27 22:42:45.888786,new_device_0155,True,3.35,Local
2025-06-25 22:42:45.888786,new_device_0008,True,1.06,Celular
2025-04-19 22:42:45.888786,new_device_0001,False,,Satélite
2025-06-03 22:42:45.888786,new_device_0130,False,,Celular
2025-04-26 22:42:45.888786,new_device_0176,False,,Local
2025-07-06 22:42:45.888786,new_device_0087,True,1.25,Local
2025-05-31 22:42:45.888786,new_device_0122,True,3.32,Celular
2025-05-03 22:42:45.888786,new_device_0074,True,7.64,Local
2025-06-21 22:42:45.888786,new_device_0035,True,7.53,Local
2025-07-14 22:42:45.888786,new_device_0001,True,6.8,Local
2025-08-30 22:42:45.888786,new_device_0096,False,,Celular
2025-08-13 22:42:45.888786,new_device_0194,False,,Local
2025-06-22 22:42:45.888786,new_device_0013,True,3.21,Local
2025-07-09 22:42:45.888786,new_device_0135,False,,Satélite
2025-07-10 22:42:45.888786,new_device_0112,True,5.54,Satélite
2025-08-24 22:42:45.888786,new_device_0103,False,,Local
2025-08-01 22:42:45.888786,new_device_0064,False,,Local
2025-04-08 22:42:45.888786,new_device_0164,True,5.33,Local
2025-07-19 22:42:45.888786,new_device_0052,True,5.71,Local
2025-03-25 22:42:45.888786,new_device_0170,False,,Satélite
2025-07-29 22:42:45.888786,new_device_0067,False,,Satélite
2025-06-15 22:42:45.888786,new_device_0164,False,,Local
2025-07-29 22:42:45.888786,new_device_0033,True,7.83,Celular
2025-07-03 22:42:45.888786,new_device_0170,False,,Celular
2025-08-20 22:42:45.888786,new_device_0078,True,4.45,Celular
2025-04-29 22:42:45.888786,new_device_0187,False,,Local
2025-03-27 22:42:45.888786,new_device_0030,True,4.68,Satélite
2025-09-02 22:42:45.888786,new_device_0032,False,,Local
2025-08-22 22:42:45.888786,new_device_0034,False,,Local
2025-05-08 22:42:45.888786,new_device_0079,False,,Satélite
2025-06-23 22:42:45.888786,new_device_0140,True,4.53,Local
2025-05-25 22:42:45.888786,new_device_0185,True,5.65,Celular
2025-04-20 22:42:45.888786,new_device_0002,True,3.93,Satélite
2025-03-15 22:42:45.888786,new_device_0041,False,,Satélite
2025-05-14 22:42:45.888786,new_device_0027,False,,Local
2025-07-05 22:42:45.888786,new_device_0117,False,,Celular
2025-04-25 22:42:45.888786,new_device_0121,True,4.25,Local
2025-05-18 22:42:45.888786,new_device_0081,False,,Local
2025-03-28 22:42:45.888786,new_device_0109,False,,Local
2025-04-29 22:42:45.888786,new_device_0107,False,,Local
2025-07-07 22:42:45.888786,new_device_0025,False,,Celular
2025-04-20 22:42:45.888786,new_device_0078,True,3.35,Local
2025-03-20 22:42:45.888786,new_device_0147,False,,Satélite
2025-07-12 22:42:45.888786,new_device_0152,True,1.82,Celular
2025-03-17 22:42:45.888786,new_device_0126,False,,Satélite
2025-04-18 22:42:45.888786,new_device_0111,False,,Celular
2025-05-30 22:42:45.888786,new_device_0051,False,,Local
2025-07-09 22:42:45.888786,new_device_0037,False,,Satélite
2025-08-01 22:42:45.888786,new_device_0014,False,,Celular
2025-08-31 22:42:45.888786,new_device_0029,True,4.08,Celular
2025-05-23 22:42:45.888786,new_device_0086,False,,Satélite
2025-07-06 22:42:45.888786,new_device_0166,True,4.76,Satélite
2025-07-09 22:42:45.888786,new_device_0078,False,,Local
2025-08-17 22:42:45.888786,new_device_0097,False,,Satélite
2025-07-25 22:42:45.888786,new_device_0150,False,,Local
2025-07-15 22:42:45.888786,new_device_0027,False,,Celular
2025-06-11 22:42:45.888786,new_device_0141,True,1.37,Celular
2025-04-14 22:42:45.888786,new_device_0029,False,,Celular
2025-04-10 22:42:45.888786,new_device_0005,True,3.47,Satélite
2025-08-18 22:42:45.888786,new_device_0090,True,1.89,Celular
2025-08-08 22:42:45.888786,new_device_0086,True,4.43,Local
2025-07-09 22:42:45.888786,new_device_0132,True,2.94,Celular
2025-08-09 22:42:45.888786,new_device_0183,True,1.47,Local
2025-06-05 22:42:45.888786,new_device_0145,True,2.78,Celular
2025-05-17 22:42:45.888786,new_device_0048,False,,Satélite
2025-07-05 22:42:45.888786,new_device_0036,True,6.96,Satélite
2025-04-07 22:42:45.888786,new_device_0034,True,0.87,Celular
2025-09-07 22:42:45.888786,new_device_0021,False,,Satélite
2025-03-13 22:42:45.888786,new_device_0030,True,6.95,Satélite
2025-08-29 22:42:45.888786,new_device_0064,True,2.57,Local
2025-06-21 22:42:45.888786,new_device_0023,True,7.88,Celular
2025-04-27 22:42:45.888786,new_device_0003,False,,Celular
2025-08-15 22:42:45.888786,new_device_0047,True,1.56,Celular
2025-03-29 22:42:45.888786,new_device_0171,True,7.17,Satélite
2025-05-14 22:42:45.888786,new_device_0116,True,1.59,Local
2025-06-19 22:42:45.888786,new_device_0076,True,0.7,Celular
2025-08-04 22:42:45.888786,new_device_0045,False,,Local
2025-04-15 22:42:45.888786,new_device_0115,True,5.6,Celular
2025-07-26 22:42:45.888786,new_device_0038,True,2.4,Satélite
2025-04-05 22:42:45.888786,new_device_0102,True,7.27,Local
2025-05-14 22:42:45.888786,new_device_0093,True,3.3,Local
2025-04-30 22:42:45.888786,new_device_0122,True,2.48,Local
2025-05-04 22:42:45.888786,new_device_0086,False,,Celular
2025-07-27 22:42:45.888786,new_device_0170,False,,Celular
2025-04-11 22:42:45.888786,new_device_0192,True,4.08,Satélite
2025-03-22 22:42:45.888786,new_device_0150,True,1.86,Satélite
2025-05-15 22:42:45.888786,new_device_0032,False,,Celular
2025-03-26 22:42:45.888786,new_device_0099,False,,Local
2025-07-19 22:42:45.888786,new_device_0183,False,,Local
2025-05-14 22:42:45.888786,new_device_0132,False,,Satélite
2025-05-31 22:42:45.888786,new_device_0013,False,,Local
2025-04-28 22:42:45.888786,new_device_0158,True,4.67,Celular
2025-09-08 22:42:45.888786,new_device_0061,False,,Satélite
2025-07-05 22:42:45.888786,new_device_0049,True,2.52,Local
2025-06-12 22:42:45.888786,new_device_0053,True,7.19,Satélite
2025-06-13 22:42:45.888786,new_device_0040,True,1.06,Local
2025-03-23 22:42:45.888786,new_device_0134,False,,Satélite
2025-07-04 22:42:45.888786,new_device_0124,True,2.81,Satélite
2025-05-16 22:42:45.888786,new_device_0061,False,,Celular
2025-05-21 22:42:45.888786,new_device_0067,True,6.39,Local
2025-05-20 22:42:45.888786,new_device_0139,False,,Local
2025-07-23 22:42:45.888786,new_device_0015,True,7.41,Satélite
2025-04-19 22:42:45.888786,new_device_0194,True,5.24,Local
2025-07-28 22:42:45.888786,new_device_0163,True,4.95,Local
2025-04-30 22:42:45.888786,new_device_0026,True,2.52,Local
2025-03-20 22:42:45.888786,new_device_0148,True,1.54,Celular
2025-03-13 22:42:45.888786,new_device_0186,False,,Local
2025-04-15 22:42:45.888786,new_device_0171,True,1.4,Celular
2025-04-01 22:42:45.888786,new_device_0145,True,6.13,Celular
2025-03-15 22:42:45.888786,new_device_0139,False,,Satélite
2025-05-24 22:42:45.888786,new_device_0024,True,2.44,Satélite
2025-07-09 22:42:45.888786,new_device_0084,True,0.78,Satélite
2025-04-25 22:42:45.888786,new_device_0190,False,,Local
2025-08-16 22:42:45.888786,new_device_0096,True,1.27,Celular
2025-06-12 22:42:45.888786,new_device_0178,True,6.24,Satélite
2025-05-17 22:42:45.888786,new_device_0098,True,1.43,Celular
2025-08-09 22:42:45.888786,new_device_0189,False,,Local
2025-07-17 22:42:45.888786,new_device_0087,False,,Local
2025-05-03 22:42:45.888786,new_device_0036,False,,Local
